{"coefficients": [[54349722.057218164, -154532215.97964692, 320483062.39440435, -274131247.61546963, -354321475.5543245, 269248539.7067261, -175659418.7339717, 67320574.72961102, 5680388.870238143, -21851601.549673665, 72559.88124599053, 212265.27803407636, 278988.0266015916, 70993645.73021837, 228067361.93513376, 2845585681.6621666, 0.7504901761861549]], "intercept": [[-37963988467.95378]], "type": "LinearRegression"}